,buen,comida,estaba,excelente,gustó,la,mal,me,pérsmio,rico,sabor,servicio,tenía,categoria
0,0.0,0.45419450284733365,0.0,0.0,0.5419477406385818,0.45419450284733365,0.0,0.5419477406385818,0.0,0.0,0.0,0.0,0.0,0
1,0.0,0.0,0.0,0.8445337235242601,0.0,0.0,0.0,0.0,0.0,0.0,0.0,0.5355023714515638,0.0,1
2,0.0,0.0,0.0,0.0,0.0,0.0,0.0,0.0,0.8445337235242601,0.0,0.0,0.5355023714515638,0.0,1
3,0.0,0.0,0.0,0.0,0.0,0.0,0.8445337235242601,0.0,0.0,0.0,0.0,0.5355023714515638,0.0,1
4,0.7519131827533952,0.0,0.0,0.0,0.0,0.0,0.0,0.0,0.0,0.0,0.0,0.6592621372425836,0.0,1
5,0.6533082768216707,0.0,0.0,0.0,0.0,0.0,0.0,0.0,0.0,0.0,0.757091999321284,0.0,0.0,0
6,0.37957077062049477,0.4398689008059703,0.0,0.0,0.0,0.4398689008059703,0.0,0.0,0.0,0.0,0.4398689008059703,0.0,0.5248543420815017,0
7,0.0,0.0,0.7071067811865475,0.0,0.0,0.0,0.0,0.0,0.0,0.7071067811865475,0.0,0.0,0.0,2
